Name,Address,Website,Phone Number,Image URL
Amhurst Hotel,"45 Amhurst Park, London, N16 5DL",amhursthotel.co.uk,020 3597 3113 ,"https://c.yell.com/t_bigSquare,f_auto/792afeb9-b97c-46a9-b5a9-26c10f42adc7_image_jpeg.jpg"
Normandie Hotel,"96 Sussex Gardens, London, W2 1UH",normandie-hotel-london.com,020 3031 6984 ,"https://c.yell.com/t_bigSquare,f_auto/3c6ea713-57b6-489f-850b-a9ae4fb2fe54_image_jpeg.jpg"
The Whitechapel Hotel,"49-53 New Rd, London, E1 1HH",thewhitechapelhotel.com,02033194175 ,"https://c.yell.com/t_bigRect,f_auto/2be647e8-5b5d-4433-8c37-5e632f12bfab_image_jpeg.jpg"
www.athensplazaluxurysapartments.com,"57 Trafalgar Square, London, WC2N 5DU",athensplazaluxurysapartments.com,0800 030 4238 ,"https://c.yell.com/t_bigSquare,f_auto/ebaef735-fa8d-407e-809d-387981237177_image_jpeg.jpg"
Trafalgar Hotel,"2 Spring Gardens, London, SW1A 2TS",hilton.com,020 7870 2900 ,"https://c.yell.com/t_bigRect,f_auto/92a736e0-1f9e-49cb-8152-c8b1e5d52580_image_jpeg.jpg"
"St Martin's Lane London, A House Of Originals Hotel","45 St. Martin's Lane, London, WC2N 4HX",all.accor.com,020 7300 5500 ,
Amistad Hotel Marketing Partnership Ltd,"Golden Cross House Duncannon St, London, WC2N 4JF",amistadpartners.com,020 7484 5000 ,"https://c.yell.com/t_bigSquare,f_auto/79cfc872-c72d-4b5e-9fb3-bb997a7ecc67_image_jpeg.jpg"
Corinthia Hotel,"Whitehall Place, London, SW1A 2BD",corinthia.com,020 7930 8181 ,"https://c.yell.com/t_bigSquare,f_auto/63bc2cb2-584f-4ea3-8a2f-02f4448d7fc6_image_jpeg.jpg"
The Grand at Trafalgar Square,"8 Trafalgar Square, London, WC2N 5BY",clubquartershotels.com,020 7451 5555 ,"https://c.yell.com/t_bigSquare,f_auto/713ba855-2bf8-4948-8108-7ff8b48e81ef_image_jpeg.jpg"
The Savoy Hotel,"Strand, London, WC2R 0EZ",thesavoylondon.com,020 7836 4343 ,"https://c.yell.com/t_bigSquare,f_auto/06d6615f-6053-420f-9b60-b3f42cfce01f_image_jpeg.jpg"
Club Quarters,"8 Northumberland Avenue, London, WC2N 5BY",clubquarters.com,020 7839 9333 ,"https://c.yell.com/t_bigRect,f_auto/3cdffb2d-0249-443b-9582-1a254b6a1c08_image_jpeg.jpg"
Hub By Premier Inn London Covent Garden,"110 St. Martin's Lane, London, WC2N 4BA",premierinn.com,0333 321 3104 ,"https://c.yell.com/t_bigRect,f_auto/e5b0a43b-e7a1-44fa-b9ee-ac62376fe08f_image_jpeg.jpg"
Thistle Trafalgar Hotels,"Whitcomb St, Trafalgar Square, London, WC2H 7HG",thistle.com,0871 376 9037 ,
Amba Charing Cross Hotel,"38 Craven St, London, WC2N 5NG",amba-hotel.com,020 7839 7282 ,
Snoozebox Holdings plc,"60 Trafalgar Square, London, WC2N 5DS",snoozebox.com,03450 920174 ,"https://c.yell.com/t_bigSquare,f_auto/53b92708-9632-473b-b1f8-8a7557e303c3_image_jpeg.jpg"
"The Corinthia Hotel Ltd,","10 Northumberland Avenue, London, WC2N 5AE",corinthia.com,0843 8161328 ,
Club Quarters Trafalgar Square,"8 Northumberland Avenue, London, WC2N 5BY",,0845 4566399 ,
Radisson Blue Edwardian Leicester Square,"3-6 St. Martins St, London, WC2H 7HL",radissonedwardian.com,020 7930 8641 ,"https://c.yell.com/t_bigSquare,f_auto/ffd59d96-02d7-4752-94a9-85406282335d_image_jpeg.jpg"
Citadines Apart'hotel Trafalgar,"18-21, Northumberland Avenue, London, WC2N 5EA",,0845 4566399 ,
Amistad Partners,"Trafalgar Square, London, WC2N 5DU",amistadpartners.com,020 7946 0835 ,
The Grand at Trafalgar Square,"8 Northumberland Avenue, London, WC2N 5BY",,0845 0805104 ,
Club Quarters,"8 Northumberland Avenue, London, WC2N 5BY",clubquarters.com,020 7451 5600 ,
"Radisson Blu Edwardian, Hampshire","31-36 Leicester Square, London, WC2H 7LH",radissonblu-edwardian.com,020 7839 9399 ,"https://c.yell.com/t_bigRect,f_auto/f9ea61d9-f995-4c8a-a67e-7b235a40253b_image_jpeg.jpg"
Haymarket Hotel,"1 Suffolk Place, London, SW1Y 4HX",firmdale.com,020 7470 4000 ,"https://c.yell.com/t_bigSquare,f_auto/20dce6a7-c9aa-4d11-85bd-16925b6bf47d_image_jpeg.jpg"
Assembly Hotel London,"27-31 Charing Cross Rd, London, WC2H 0QE",assemblyhotel.com,020 3953 4251 ,
Amhurst Hotel,"45 Amhurst Park, London, N16 5DL",amhursthotel.co.uk,020 7101 2135 ,"https://c.yell.com/t_bigSquare,f_auto/792afeb9-b97c-46a9-b5a9-26c10f42adc7_image_jpeg.jpg"
Royal Horseguards Hotel,"2 Whitehall Court, London, SW1A 2EJ",guoman.com,020 7839 3400 ,"https://c.yell.com/t_bigSquare,f_auto/5c231790-9667-493d-82d5-9861fbf3baba_image_jpeg.jpg"
The Resident,"51 Bedford St, London, WC2R 0PZ",residenthotels.com,020 3146 1790 ,
Z Hotels,"Grove House, 2, Orange St, London, WC2H 7DF",thezhotels.com,020 3551 3720 ,"https://c.yell.com/t_bigSquare,f_auto/1c48f825-3fa0-40c3-a4db-07e3bdbc1c07_image_jpeg.jpg"
Victory House Hotel London,"14 Leicester Place, London, WC2H 7BZ",victoryhouselondon.com,020 3909 4100 ,"https://c.yell.com/t_bigSquare,f_auto/cf73df89-531c-4056-b6df-fcac8bc5b831_image_jpeg.jpg"
Le Meridien Piccadilly,"21 Piccadilly, London, W1J 0BH",marriott.com,020 7734 8000 ,"https://c.yell.com/t_bigRect,f_auto/ddf2f2d8-0c54-47b3-983a-e529bb5350ce_image_jpeg.jpg"
The Nadler,"51 Bedford Street, Charing Cross, LONDON, WC2R 0PZ",nadlerhotels.com,020 3146 1790 ,
Hotel Indigo London - 1 Leicester Square,"1 Leicester Square, London, WC2H 7NA",ihg.com,020 3953 4200 ,"https://c.yell.com/t_bigRect,f_auto/9f0571dd-473b-4b90-974a-3d56a26203d2_image_png.png"
The Royal Horse Guard Hotel,"2 Whitehall Place, Westminster, London, W1A 2HD",theroyalhorseguards.com,020 7839 3344 ,
Every Hotel Piccadilly,"39A Coventry Street, Chinatown, LONDON, W1D 6BZ",every-hotels.com,0871 376 9031 ,"https://c.yell.com/t_bigSquare,f_auto/fe5d0e56-daa8-4cfe-bfc2-31f4c7946649_image_jpeg.jpg"
Hotel Sofitel London St James,"6 Waterloo Place, London, SW1Y 4AN",all.accor.com,020 7747 2200 ,"https://c.yell.com/t_bigRect,f_auto/50c87478-bba6-48df-ac51-3838b9d0106d_image_jpeg.jpg"
Premier Inn,"Queens House 1 Leicester Place, London, WC2H 7BP",premierinn.com,0333 321 9254 ,"https://c.yell.com/t_bigRect,f_auto/f0156f54-cced-4c37-a210-5d8099c3754c_image_jpeg.jpg"
Z Hotels,"2-6 Orange Street, Chinatown, LONDON, WC2H 7ED",thezhotels.com,020 3551 3720 ,
1 2 1 2,"2 Whitehall Court, London, SW1A 2EJ",theroyalhorseguards.com,020 7451 9333 ,
The Fielding Hotel,"4 Broad Court, London, WC2B 5QZ",thefieldinghotel.co.uk,020 7836 8305 ,"https://c.yell.com/t_bigSquare,f_auto/cec480c9-dea6-4980-92e9-c80f8a4e50cf_image_jpeg.jpg"
W London,"10 Wardour St, London, W1D 6QF",marriott.com,020 7758 1000 ,"https://c.yell.com/t_bigRect,f_auto/917c683b-a1d0-4dc7-8023-53fff398712b_image_jpeg.jpg"
Brumus Bar & Restaurant,"1 Suffolk Place, London, SW1Y 4HX",brumus.com,020 7451 1007 ,
Thistle Hotels (UK) Ltd,"39 Coventry St, London, W1D 6BZ",thistle.com,020 7930 4033 ,
Strand Palace,"372 Strand, London, WC2R 0JJ",strandpalacehotel.co.uk,020 7379 4737 ,"https://c.yell.com/t_bigRect,f_auto/7437e210-5bd1-4893-8922-34f62576a1b8_image_jpeg.jpg"
Leicester House,"1 Leicester St, London, WC2H 7BL",leicesterhouse.com,020 3696 6460 ,"https://c.yell.com/t_bigSquare,f_auto/094632c4-d9dc-4743-9608-232220e181e8_image_jpeg.jpg"
So Spa Within Sofitel St James Hotel,"6 Waterloo Place, London, SW1Y 4AN",sofitelstjames.com,020 7747 2204 ,"https://c.yell.com/t_bigSquare,f_auto/acae6525-c361-44c1-bb1f-4e63ab504430_image_jpeg.jpg"
Premier Inn London County Hall hotel,"County Hall Belvedere Road, Westminster, London, SE1 7PB",premierinn.com,0333 321 1246 ,"https://c.yell.com/t_bigRect,f_auto/6965e4b8-c54a-421c-a08d-aa9538a7e0ed_image_jpeg.jpg"
Thistle Piccadilly,"Coventry Street, London, W1D 6BZ",thistlehotels.com,0845 0805104 ,
Sofitel London St James,"6 Waterloo Place, London, SW1Y 4AN",sofitel.com,0845 4566399 ,
The Piccadilly West End Hotel,"65-73 Shaftesbury Avenue, Piccadilly, London, W1D 6EX",thepiccadillywestend.co.uk,020 7871 6000 ,"https://c.yell.com/t_bigSquare,f_auto/690d3808-4197-404e-9084-1e7fe3af55ec_image_jpeg.jpg"
Hotel Strand Continental,"143 Strand, London, WC2R 1JA",strand-continental.co.uk,020 7836 4880 ,"https://c.yell.com/t_bigSquare,f_auto/a14619b2-d739-41f2-8934-f8a973f58e61_image_jpeg.jpg"
The Cavendish,"81 Jermyn St, London, SW1Y 6JF",thecavendish-london.co.uk,020 7930 2111 ,"https://c.yell.com/t_bigSquare,f_auto/01a89a44-1b4f-42f4-b60b-14e6a94ba8fb_image_jpeg.jpg"
The Ritz London,"150 Piccadilly, Westminster, London, W1J 9BR",theritzlondon.com,020 7493 8181 ,"https://c.yell.com/t_bigRect,f_auto/1476c554-e0ff-4c10-b984-6926f29c0f4b_image_jpeg.jpg"
Fairmont Hotels & Resorts,"1 Savoy Hill, London, WC2R 0BP",fairmont.com,0845 0710170 ,
"Radisson Blu Edwardian, Mercer Street","20 Mercer St, London, WC2H 9HD",radissonblu-edwardian.com,020 7836 4300 ,"https://c.yell.com/t_bigRect,f_auto/750164e9-d97b-48e5-87e3-344e14e1c098_image_jpeg.jpg"
Campbell Gray Hotels Ltd,"353 Strand, London, WC2R 0HS",campbellgrayhotels.com,020 7395 1660 ,
Soho Hotel,"4 Richmond Mews, London, W1D 3DH",firmdale.com,020 7559 3000 ,"https://c.yell.com/t_bigSquare,f_auto/4adfe258-e905-421b-841f-bb82c6a4ca9d_image_jpeg.jpg"
ME London,"336-337 Strand, London, WC2R 1HA",mebymelia.com,020 7395 3400 ,"https://c.yell.com/t_bigSquare,f_auto/baa03ced-e520-4e14-b1df-6b53210ff154_image_jpeg.jpg"
Ham Yard Hotel,"1-2 Ham Yard, LONDON, W1D 7DT",firmdale.com,020 3642 2000 ,"https://c.yell.com/t_bigSquare,f_auto/2d661c80-3e2b-4132-8ed4-4c9f065ff85d_image_jpeg.jpg"
Kettner's Townhouse,"29 Romilly Street, Chinatown, LONDON, W1D 5HP",sohohouse.com,020 7734 5650 ,
Hazlitt's Hotel,"6 Frith St, London, W1D 3JA",rookeryhotel.com,020 7434 1771 ,"https://c.yell.com/t_bigSquare,f_auto/1bb5518b-340e-4eab-a94d-838bda52f858_image_jpeg.jpg"
Brasserie Max within the Covent Garden Hotel,"10 Monmouth St, London, WC2H 9HB",coventgardenhotel.co.uk,020 7806 1000 ,"https://c.yell.com/t_bigSquare,f_auto/bb7aafa1-6eeb-4539-a34e-ec3e9902e4bb_image_jpeg.jpg"
The Green Bar Cafe Royal Hotel,"68 Regent St, London, W1B 5RL",hotelcaferoyal.com,020 7406 3310 ,"https://c.yell.com/t_bigSquare,f_auto/ca07dabb-95c8-4b4f-a692-7d588da9abb1_image_jpeg.jpg"
1even Dials Hotel,"7 Monmouth St, London, WC2H 9DA",sevendialshotellondon.com,020 7240 0823 ,"https://c.yell.com/t_bigSquare,f_auto/a3d079ed-68cf-46a0-928d-738b917e6e52_image_jpeg.jpg"
The Covent Garden Hotel,"10 Monmouth St, London, WC2H 9LF",procleanerslondon.com,020 7806 1000 ,"https://c.yell.com/t_bigSquare,f_auto/a9a419de-5f9c-4757-a7c0-53cdca7a58fc_image_jpeg.jpg"
Cheshire Hotel,"110 Great Russell St, London, WC1B 3NA",londoncheshirehotel.co.uk,020 7637 7777 ,"https://c.yell.com/t_bigSquare,f_auto/f9149330-e2bb-43e8-bc8b-4375548c1828_image_jpeg.jpg"
One Aldwych Hotel,"1 Aldwych, London, WC2B 4BZ",onealdwych.com,020 7300 1000 ,"https://c.yell.com/t_bigSquare,f_auto/ded40fd8-411d-4bfc-8eca-11a7d3dfc8dd_image_jpeg.jpg"
The Leading Hotels of The World,"68A Regent Street, Soho, LONDON, W1B 5RJ",lhw.com,,
Dean Street Townhouse,"69-71 Dean St, London, W1D 3SE",sohohouse.com,020 7434 1775 ,"https://c.yell.com/t_bigSquare,f_auto/34f43240-49dd-4197-8ace-2785ca6b0ca9_image_jpeg.jpg"
PPE 1 Stop,"71-75 Shelton St, London, WC2H 9JQ",,020 8575 2408 ,"https://c.yell.com/t_bigRect,f_auto/59f3cc58-bca7-4b9b-a2da-21e240f66c3d_image_jpeg.jpg"
Mimi's,"56 Frith Street, Soho, LONDON, W1D 3JG",mimishotelsoho.com,020 8017 9100 ,"https://c.yell.com/t_bigSquare,f_auto/a69c60d6-84df-49b1-8134-6896d5f7f0ef_image_jpeg.jpg"
Valet Golden Square Apartments Piccadilly,"9 Golden Square, LONDON, W1F 9HZ",bespokehotels.com,020 7206 2363 ,"https://c.yell.com/t_bigSquare,f_auto/9a838f2e-3fda-453a-9cbc-8af90c76f3e3_image_jpeg.jpg"
Cafe Royal,"68 Regent St, London, W1B 4DY",hotelcaferoyal.com,020 7406 3333 ,
Travelodge Hotels Ltd,"10 Drury Lane, High Holborn, London, WC2B 5RE",travelodge.co.uk,0871 984 6245 ,"https://c.yell.com/t_bigSquare,f_auto/9f03058c-da2e-4275-85d2-71d37b01a2e2_image_jpeg.jpg"
Fly Dreams,"71-75 Shelton St, London, WC2H 9JQ",flydreams.co.uk,020 7993 5366 ,
The Gladden Hub,"71-75 Shelton St, London, WC2H 9JQ",gladdenhub.com,020 3963 9320 ,
The Nadler Soho,"10 Carlisle St, London, W1D 3BR",thenadler.com,020 3697 3697 ,"https://c.yell.com/t_bigSquare,f_auto/fffe8f7e-da9b-4d6e-ae0c-4cc7983c0f6c_image_png.png"
Firmdale Hotels Plc,"21 Golden Square, London, W1F 9JN",firmdalehotels.com,020 7581 4045 ,
Sanctum Soho Hotel,"20 Warwick St, London, W1B 5NF",karmagroup.com,020 7292 6100 ,"https://c.yell.com/t_bigSquare,f_auto/d86523cd-775a-43d0-8b7e-ed41c4e316e0_image_jpeg.jpg"
"Club Quarters Hotel, London, Lincoln's Inn Fields","61 Lincoln's Inn Fields, London, WC2A 3JW",,020 7404 6640 ,"https://c.yell.com/t_bigRect,f_auto/a10222bd-9024-4bbb-8813-30f8a414f5d1_image_jpeg.jpg"
Hub By Premier Inn London Soho,"Hopkins St, London, W1F 0DP",premierinn.com,0333 321 3104 ,"https://c.yell.com/t_bigRect,f_auto/b3ed59fb-a518-41c1-b0c9-12f72d80cbd6_image_jpeg.jpg"
London Marriott Hotel County Hall,"London County Hall, Westminster Bridge Road, London, SE1 7PB",marriott.com,020 7928 5200 ,"https://c.yell.com/t_bigRect,f_auto/ea11deeb-0fc1-416e-a2f0-d9fb21f77c35_image_jpeg.jpg"
Travelodge Hotels Ltd,"166 High Holborn, London, WC1V 6PB",travelodge.co.uk,020 3195 4521 ,
St James's Hotel & Club,"7 Park Place, London, SW1A 1LS",stjamesclubandhotel.co.uk,020 7316 1600 ,"https://c.yell.com/t_bigSquare,f_auto/1c68267c-ba73-4711-a62d-203be52344c2_image_jpeg.jpg"
Four Seasons,"15 Sackville Street, London, W1S 3DN",fourseasons.com,020 7440 3600 ,
Hilton London Green Park,"Half Moon St, London, W1J 7BN",www3.hilton.com,020 7629 7522 ,"https://c.yell.com/t_bigRect,f_auto/89819c68-149a-477c-bb5b-33067c0462ed_image_jpeg.jpg"
Knight International Apartments,"14-15, Carlisle St, London, W1D 3BS",,0800 6980999 ,
Belong,"162/170 Wardour St, London, W1F 8ZX",game.co.uk,07484 925095 ,"https://c.yell.com/t_bigSquare,f_auto/fecd894f-dad7-435e-bd34-552ee46fb134_image_jpeg.jpg"
The Bloomsbury Hotel,"16-22 Great Russell St, London, WC1B 3NN",doylecollection.com,020 7347 1000 ,"https://c.yell.com/t_bigSquare,f_auto/776bdd15-dcde-4a6e-b71d-79364e45bc5b_image_jpeg.jpg"
"Radisson Blu Edwardian, Bloomsbury Street","9-13 Bloomsbury St, London, WC1B 3QD",radissonblu-edwardian.com,020 7636 5601 ,"https://c.yell.com/t_bigRect,f_auto/b732d05a-3040-4262-9d6a-da1f95103c4e_image_jpeg.jpg"
Premier Inn London Waterloo (Westminster Bridge),"85 York Rd, London, SE1 7NJ",premierinn.com,0333 321 9302 ,"https://c.yell.com/t_bigRect,f_auto/3c31bd36-7733-4103-9125-8492f2d99fee_image_jpeg.jpg"
Concept Venues Ltd,"18-20 Warwick St, London, W1B 5NE",,020 7292 6100 ,
"The Hoxton, Holborn","199-206 High Holborn, Covent Garden, London, WC1V 7BD",thehoxton.com,020 7661 3000 ,"https://c.yell.com/t_bigSquare,f_auto/ffd48d06-20bb-48e6-b9c1-0b47bd965743_image_jpeg.jpg"
The Fox Club,"46 Clarges St, London, W1J 7ER",foxclublondon.com,020 7495 3656 ,"https://c.yell.com/t_bigSquare,f_auto/988566b5-dd25-40e2-a363-b189ff7374c3_image_jpeg.jpg"
The Chesterfield Mayfair Hotel,"35 Charles St, London, W1J 5EB",chesterfieldmayfair.com,020 7491 2622 ,"https://c.yell.com/t_bigSquare,f_auto/733d2ec5-3d1c-43de-9e0b-7ab79c9dfb1f_image_jpeg.jpg"
Claridge's,"41 Brook St, London, W1K 4HR",claridges.co.uk,020 7629 8860 ,"https://c.yell.com/t_bigSquare,f_auto/95ff4383-635b-4586-9c2f-fa424b138708_image_jpeg.jpg"
Club Quarters Ltd,"61 Lincoln's Inn Fields, London, WC2A 3JW",clubquartershotels.com,0843 816 1369 ,"https://c.yell.com/t_bigSquare,f_auto/76c8e1f7-98fc-4c62-b258-684813538bb9_image_jpeg.jpg"
"The Sanctuary House Hotel, Westminster","33 Tothill St, London, SW1H 9LA",sanctuaryhousehotel.co.uk,020 7799 4044 ,"https://c.yell.com/t_bigSquare,f_auto/d0c05bef-5908-4891-837c-9e430678a106_image_jpeg.jpg"
"Radisson Blu Edwardian, Kenilworth","97 Great Russell St, Fitzrovia, London, WC1B 3BL",radissonblu-edwardian.com,020 7637 3477 ,"https://c.yell.com/t_bigRect,f_auto/07c44556-d02e-4f1b-b78a-4ab690616bbb_image_jpeg.jpg"
Hetherley Developments Ltd,"5 Vigo St, London, W1S 3HF",hetherley.com,020 3794 7721 ,
Brown's Hotel,"33 Albemarle St, London, W1S 4BP",roccofortehotels.com,020 7493 6020 ,"https://c.yell.com/t_bigSquare,f_auto/4a86e8ea-cbac-403e-9f94-9c53ddc5828d_image_jpeg.jpg"
Gresham Hotel,"36-38 Bloomsbury St, London, WC1B 3QJ",greshamhotellondon.com,020 7580 4232 ,"https://c.yell.com/t_bigSquare,f_auto/08de58c1-4842-408b-9357-cabf522009e7_image_jpeg.jpg"
Blue Orchid Hotels,"50 Broadway, London, SW1H 0RG",blueorchid.com,020 7834 4740 ,"https://c.yell.com/t_bigRect,f_auto/3269a838-9556-44b9-ad14-6cb47e04f213_image_png.png"
Athenaeum Hotel & Resident,"116 Piccadilly, London, W1J 7BJ",athenaeumhotel.com,020 7499 3464 ,"https://c.yell.com/t_bigRect,f_auto/4a1aebae-0612-437a-bd49-fe66710d3150_image_jpeg.jpg"
Sherry London,"67 Broadwick St, London, W1F 9QX",sherryslondon.com,020 7734 5868 ,
Video Editing Degree & Certification Program,"10 Soho St, London, W1D 3DL",nimc-india.com,020 7437 3662 ,
The Carnaby within Courthouse Hotel,"19-21 Great Marlborough St, London, W1F 7HL",courthouse-hotel.com,020 7297 5555 ,"https://c.yell.com/t_bigSquare,f_auto/1b5f79a5-c06d-461b-ada9-e3f14fb02d75_image_jpeg.jpg"
Park Plaza County Hall London,"1 Addington St, London, SE1 7RY",parkplazacountyhall.com,0333 400 6116 ,"https://c.yell.com/t_bigRect,f_auto/62d39b84-e528-4968-ac44-049159f09903_image_jpeg.jpg"
Premier Inn,"21 Tothill St, London, SW1H 9LL",premierinn.com,0871 527 9704 ,"https://c.yell.com/t_bigRect,f_auto/a0942f16-b87c-4565-bc3d-e3b8db69f4eb_image_jpeg.jpg"
St Giles Hotel,"Bedford Avenue, London, WC1B 3GH",stgiles.com,020 7300 3000 ,"https://c.yell.com/t_bigSquare,f_auto/0242e2b1-4d26-48cc-a418-6f68099470d9_image_jpeg.jpg"
Garth Hotel,"69 Gower St, London, WC1E 6HJ",garthhotel-london.com,020 7636 5761 ,"https://c.yell.com/t_bigSquare,f_auto/45aba063-09c4-4ac3-b854-e1283e4847ae_image_jpeg.jpg"
Conrad St James,"22-28 Broadway, London, SW1H 0BH",hilton.com,020 3301 8080 ,"https://c.yell.com/t_bigRect,f_auto/195d8fa9-45d4-429f-9490-fd4e248ffe07_image_jpeg.jpg"
Hotelelink.Com,"39 St James's St, London, SW1A 1JD",hotelelink.com.com,020 7629 7150 ,
The Kingsley,"Bloomsbury Way, London, WC1A 2SD",thistle.com,0800 330 8553 ,"https://c.yell.com/t_bigSquare,f_auto/74a6675e-d1b2-4433-a010-f298215a626c_image_jpeg.jpg"
Park Plaza Westminster Bridge London,"200 Westminster Bridge Rd, London, SE1 7UT",parkplazawestminsterbridge.com,0333 400 6112 ,"https://c.yell.com/t_bigRect,f_auto/e7818a84-dccc-4c24-8bd7-46effc2505f6_image_jpeg.jpg"
The Stafford London,"16-18 St James's Place, London, SW1A 1NJ",preferredhotels.com,020 7493 0111 ,"https://c.yell.com/t_bigSquare,f_auto/61331ae1-42a6-44bf-b5c3-dfcbedfb561f_image_jpeg.jpg"
"hub by Premier Inn London Westminster, St James's Park hotel","15 Dacre Street Westminster, London, SW1H 0DJ",premierinn.com,0871 527 9706 ,"https://c.yell.com/t_bigRect,f_auto/3ebc83c9-cff9-4334-8e85-a90682770577_image_jpeg.jpg"
Radisson Edwardian Kenilworth Hotel,"97 Great Russell Street, London, WC1B 3LB",radissonedwardian.com,0845 0805104 ,
The London EDITION,"10 Berners St, London, W1T 3NP",marriott.com,020 7781 0000 ,"https://c.yell.com/t_bigRect,f_auto/11667f6a-df46-49c2-a348-92718a9a9081_image_jpeg.jpg"
Locke,"58 Great Marlborough St, London, W1F 7JY",lockeliving.com,0330 123 3480 ,
The London Edition,"10 Berners Street, Marylebone, LONDON, W1T 3NP",edition-hotels.marriott.com,020 7781 0000 ,"https://c.yell.com/t_bigSquare,f_auto/c2830d9c-367b-49ce-8f07-b2811a553407_image_jpeg.jpg"
Thistle Holborn the Kingsley,"36-37 Bloomsbury Way, London, WC1A 2SD",procleanerslondon.com,0800 330 8553 ,
The Morton Hotel,"2 Woburn Place, London, WC1H 0LH",mortonhotel.co.uk,020 7692 5600 ,"https://c.yell.com/t_bigRect,f_auto/7c8686e6-2bf0-4dd1-b732-ed3b3dc2da30_image_jpeg.jpg"
"St. Ermin's Hotel, Autograph Collection","2 Caxton St, London, SW1H 0QW",marriott.com,020 7222 7888 ,"https://c.yell.com/t_bigRect,f_auto/33067767-e77e-4d5b-b9ce-e057b891e2ee_image_jpeg.jpg"
AP LBC,"207 Regent St, London, W1B 3HH",ap-lbc.com,020 7118 0817 ,"https://c.yell.com/t_bigRect,f_auto/2c74c4e0-697a-4118-b7a2-a0989948ac32_image_png.png"
"The May Fair, A Raddison Collection Hotel","Stratton St, London, W1J 8LT",radissonhotels.com,020 7769 8200 ,"https://c.yell.com/t_bigRect,f_auto/8b7994d8-00e9-47d6-bb3a-1e19aa475d3c_image_jpeg.jpg"
The Mandrake Hotel,"20-21 Newman Street, Marylebone, LONDON, W1T 1PG",themandrake.com,020 3146 7770 ,"https://c.yell.com/t_bigSquare,f_auto/eafe52cb-ca45-4845-b3d5-5f2b9c3455e1_image_jpeg.jpg"
Holiday Inn London - Mayfair,"3 Berkeley St, London, W1J 8NE",ihg.com,0871 942 9110 ,"https://c.yell.com/t_bigRect,f_auto/b9dba0e3-dbeb-4898-b390-0e3dcbce2543_image_png.png"
My Hotels Ltd,"38 Bedford Square, London, WC1B 3EL",,020 7907 4920 ,
Westbury Mayfair,"37 Conduit St, Westminster, London, W1S 2YF",marriott.com,020 7629 7755 ,"https://c.yell.com/t_bigRect,f_auto/ff9801af-7686-4a04-ad0f-af616100136a_image_jpeg.jpg"
Grange Buckingham Hotel,"39-40 Bedford Place, London, WC1B 5JT",grangehotels.com,020 7636 2474 ,"https://c.yell.com/t_bigSquare,f_auto/454f0db1-5e8d-497e-88cf-ff68ea9ddb67_image_jpeg.jpg"
Ruskin Hotel,"23-24 Montague St, London, WC1B 5BH",,020 7636 7388 ,"https://c.yell.com/t_bigSquare,f_auto/2ec5b689-ebbb-49c6-8d7f-baf5d5c5e521_image_jpeg.jpg"
Mastcraft Ltd,"30 Poland St, London, W1F 8QS",,020 7434 9900 ,
"Sanderson London, A House Of Originals Hotel","50 Berners St Fitzrovia, London, W1T 3NG",sbe.com,020 7300 1400 ,
Intercontinental - Parklane Hotel,"1 Hamilton Place, Westminster, London, W1J 7QY",ihg.com,020 7409 3131 ,"https://c.yell.com/t_bigRect,f_auto/ba725a3d-d273-4ea4-a1f5-cf4bd71b3b0e_image_png.png"
Churchill Hotel Ltd,"30 Portman Square, London, W1A 4ZX",london.churchill.hyatt.co.uk,0843 8161387 ,
The Rathbone Hotel,"30 Rathbone St, London, W1T 1LB",rathbonehotel.com,020 7636 2001 ,"https://c.yell.com/t_bigSquare,f_auto/b30083b4-5525-43ef-a38e-f73d8b013903_image_jpeg.jpg"
Grange City Hotel,"Bloomsbury Ward Bedford Place, London, WC1B 5JR",grangehotels.com,0800 022 4127 ,"https://c.yell.com/t_bigSquare,f_auto/b46128db-4055-4945-b131-d83a0ddaf34e_image_jpeg.jpg"
Double Tree By Hilton London- Westminster,"30 John Islip St, London, SW1P 4DD",hilton.com,020 7630 1000 ,"https://c.yell.com/t_bigRect,f_auto/5ea56f44-a2d2-4522-9d3b-399fa98b6c4a_image_jpeg.jpg"
Mandarin Oriental The Hotel Group,"5th Floor 110 High Holborn, London, WC1V 6JS",mandarinoriental.com,020 7908 7888 ,
Z Hotels,"Temple Bar House, 23-28, Fleet St, London, EC4Y 1AA",thezhotels.com,020 3551 3718 ,"https://c.yell.com/t_bigSquare,f_auto/c0c09a86-6f18-40ba-9e98-98f26ee8a2a3_image_jpeg.jpg"
Russell Hotel,"312a Vauxhall Bridge Rd, London, SW1V 1AA",,020 7834 2160 ,"https://c.yell.com/t_bigSquare,f_auto/910db07e-a8b3-4b85-a121-d92d51d45bce_image_jpeg.jpg"
Grange Hotel Whitehall,"2-5 Montague St, London, WC1B 5BU",grangehotels.com,020 7580 2224 ,"https://c.yell.com/t_bigSquare,f_auto/3327d787-50e3-4c37-bcfb-1201d55a2052_image_jpeg.jpg"
My Hotel Bloomsbury,"11 Bayley St, London, WC1B 3HD",myhotels.com,020 7667 6000 ,"https://c.yell.com/t_bigSquare,f_auto/5f704ddb-a3ec-4d41-b042-391fe2e1fdb2_image_jpeg.jpg"
The Dorchester Hotel,"53 Park Lane, Westminster, London, W1K 1QA",dorchestercollection.com,020 7629 8888 ,"https://c.yell.com/t_bigSquare,f_auto/0b67da5f-6d40-4e76-9da4-26e75f3f2f4f_image_jpeg.jpg"
The Dorchester Group,"57 Berkeley Square Mayfair, London, W1J 6ER",dorchestercollection.com,020 7629 4848 ,"https://c.yell.com/t_bigRect,f_auto/ec42c131-cc39-4ab0-99f3-3ec1e760166c_image_jpeg.jpg"
No 5 Maddox Street Hotel,"5 Maddox St, London, W1S 2QD",living-rooms.co.uk,020 7647 0200 ,"https://c.yell.com/t_bigSquare,f_auto/9961dee3-f7b6-4365-9092-c9abd3a7ee5b_image_jpeg.jpg"
Portland Hotel,"31-32 Bedford Place, London, WC1B 5JH",grangehotels.com,020 7580 7088 ,"https://c.yell.com/t_bigSquare,f_auto/cc5b61e0-f0cc-423c-9b07-988fddbc3afb_image_jpeg.jpg"
Blooms Town House Hotel,"2-7 Montague St, London, WC1B 5BP",grangehotels.com,020 7323 1717 ,"https://c.yell.com/t_bigSquare,f_auto/38765410-42dd-4223-aced-3206affb1051_image_jpeg.jpg"
Bloomsbury Park,"126 Southampton Row, London, WC1B 5AD",,0845 4566399 ,
St Ermins Hotel,"2 Caxton St, London, SW1H 0QW",sterminshotel.co.uk,020 7222 7888 ,
Taj Hotels,"51 Buckingham Gate, London, SW1E 6AF",taj51buckinghamgate.co.uk,020 7769 7766 ,"https://c.yell.com/t_bigSquare,f_auto/76e48e20-f1c5-4c49-9dd5-56d2cdf97d89_image_jpeg.jpg"
Premier Inn Westminster,"15 Dacre St, London, SW1H 0DJ",premierinn.com,0871 527 9706 ,
Premier Inn,"15 Dacre Street, LONDON, SW1H 0DJ",premierinn.com,0871 527 9706 ,
Sanook Spa,"within Courthouse Hotel, 19-21, Great Marlborough St, London, W1F 7HL",courthouse-hotel.com,020 7297 5563 ,"https://c.yell.com/t_bigSquare,f_auto/a5bb75fd-6ca0-4dc5-ad97-3039485cbc80_image_jpeg.jpg"
The Lancaster Hotel,"4-6 Bedford Place, London, WC1B 5JD",grangehotels.com,020 7637 3400 ,"https://c.yell.com/t_bigSquare,f_auto/1a1bfbf8-459a-494c-9d89-565b1ffff014_image_jpeg.jpg"
Grange Hotels,"34 Bedford Place, London, WC1B 5JR",grangehotels.com,020 7307 1575 ,"https://c.yell.com/t_bigSquare,f_auto/be26f1b3-7119-434a-ae8f-a66cc0277e13_image_jpeg.jpg"
"The Wellington Hotel, Waterloo","81-83 Waterloo Rd Waterloo, London, SE1 8UD",wellingtonhotelwaterloo.co.uk,020 7928 6083 ,
The Lonsdale Hotel,"9-10 Bedford Place, Bloomsberry, London, WC1B 5JA",lonsdalehotellondon.com,020 7636 1812 ,"https://c.yell.com/t_bigSquare,f_auto/84208c8d-7376-4b15-a72e-0ef669a93389_image_jpeg.jpg"
L'Oscar,"2-6 Southampton Row, Bloomsbury, LONDON, WC1B 4AA",loscar.com,020 7405 5555 ,
Rosewood London,"252 High Holborn, London, WC1V 7EN",rosewoodhotels.com,020 7781 8888 ,
Living Rooms,"5 Maddox St, London, W1S 2QD",living-rooms.co.uk,020 7792 4070 ,
Apex Hotels Developments Ltd,"1-2 Serjeants' Inn Fleet St, London, EC4Y 1AG",apexhotels.co.uk,020 3004 4141 ,"https://c.yell.com/t_bigRect,f_auto/f9ddbcaf-c139-4ef6-a8d8-3a889dd31bb6_image_jpeg.jpg"
Roux at the Landau,"1C Portland Place, London, W1B 1JA",rouxatthelandau.com?utm_source=yext&utm_medium=referral&utm_campaign=yext_profile,020 7965 0165 ,"https://c.yell.com/t_bigRect,f_auto/c666f217-d751-4654-a4cc-047132833f11_image_jpeg.jpg"
Cola Holdings Ltd,"1-2 Coach & Horses Yard, London, W1S 2EH",,020 8382 5018 ,
Bedford Hotel,"83-93 Southampton Row, London, WC1B 4HD",imperialhotels.co.uk,020 7636 7822 ,"https://c.yell.com/t_bigSquare,f_auto/5c9d412f-239d-4ecf-a7b6-669d22cbbb06_image_jpeg.jpg"
Radisson Blu Edwardian Mayfair,"70 Stratton Street, Mayfair, LONDON, W1J 8LW",radissonedwardian.com,020 7629 7777 ,
St James Court Taj Hotel,"45-51 Buckingham Gate, London, SW1E 6AF",stjamescourthotel.co.uk,020 7834 6655 ,"https://c.yell.com/t_bigSquare,f_auto/f0efcb69-fcba-4f57-ba94-ed474cc8be2e_image_jpeg.jpg"
Citadines Prestige Holborn - Covent Garden London,"94-99, High Holborn, London, WC1V 6LF",,0845 0805104 ,
DoubleTree by Hilton Hotel London - West End,"92 Southampton Row, London, WC1B 4BH",hilton.com,020 7242 2828 ,"https://c.yell.com/t_bigRect,f_auto/d03c9c8e-b12c-42a9-9561-67ac1df130bb_image_jpeg.jpg"
Sidney Hotel,"68-76 Belgrave Rd, London, SW1V 2BP",sidneyhotel.com,020 7834 2738 ,"https://c.yell.com/t_bigSquare,f_auto/2d020190-aeee-4e43-861b-14f6fb3125b7_image_jpeg.jpg"
The Thanet Hotel London,"8 Bedford Place, London, WC1B 5JA",thanethotel.co.uk,020 7636 2869 ,
Point A Hotel Westminster,"118-120 Westminster Bridge Rd, London, SE1 7RW",pointahotels.com,020 7633 9317 ,"https://c.yell.com/t_bigSquare,f_auto/aa8e2e18-a0a6-4143-81a0-441e709181ce_image_jpeg.jpg"
My Bloomsbury,"11-13 Bayley St, London, WC1B 3HD",myhotels.com,020 3004 6000 ,
African Hospitality Concepts Ltd,"International House, 223, Regent St, London, W1B 2QD",african-hospitality-concepts.com,07774 594511 ,
Cotton Rooms,"1-4 University St, London, WC1E 6AQ",cottonrooms.com,020 7380 0030 ,
Sea Containers London,"20 Upper Ground, South Bank, London, SE1 9PD",seacontainerslondon.com,020 3747 1000 ,"https://c.yell.com/t_bigRect,f_auto/d7245db5-50cd-4d0a-92df-db6c6c41c206_image_jpeg.jpg"
Flemings Hotels Ltd,"7-12 Half Moon St, Mayfair, London, W1J 7BH",flemings-mayfair.co.uk,020 7499 0000 ,"https://c.yell.com/t_bigSquare,f_auto/68cf19d4-28cc-4547-a0a0-71eb4fdb10db_image_jpeg.jpg"
Tavistock Hotel,"Tavistock Square, London, WC1H 9EU",imperialhotels.co.uk,020 7636 8383 ,"https://c.yell.com/t_bigSquare,f_auto/cec9ab0d-bcce-4a5d-8896-df9bc3348511_image_jpeg.jpg"
Caxton Grill,"2 Caxton St, London, SW1H 0QW",sterminshotel.co.uk,0800 652 1498 ,
Staunton Hotel,"13-15 Gower St, London, WC1E 6HE",stauntonhotel.com,020 7580 2740 ,
Sir Richard Sutton Ltd,"14 Bolton St, London, W1J 8BF",,020 7493 0545 ,
Park Plaza Victoria London,"239 Vauxhall Bridge Rd, Pimlico, London, SW1V 1EQ",parkplaza.com,0333 400 6142 ,"https://c.yell.com/t_bigRect,f_auto/cff7ff3c-59b4-4c5f-9ff6-3898d0a6b05a_image_jpeg.jpg"
Premier Inn London Holborn,"27-29 Red Lion St, Holborn, London, WC1R 4PS",premierinn.com,0333 321 9346 ,"https://c.yell.com/t_bigRect,f_auto/aca71364-30d4-4dcd-840f-bd1e5271bcea_image_jpeg.jpg"
The Washington Mayfair Hotel,"5 Curzon St, London, W1J 5HE",washington-mayfair.co.uk,020 7499 7000 ,"https://c.yell.com/t_bigSquare,f_auto/3904ec80-82ee-4b95-be36-1888f5f71e2a_image_jpeg.jpg"
Bloomsbury House,"2-3 Bloomsbury Square, London, WC1A 2RL",bonningtongroup.com,020 7395 9900 ,
St. George's Inn Victoria,"25 Belgrave Rd, London, SW1V 1RB",stgeorgesinnvictoria.co.uk,020 7828 2061 ,"https://c.yell.com/t_bigSquare,f_auto/a73e6848-47fa-4fa2-af8a-bb58a4494f04_image_jpeg.jpg"
Apex Hotels Ltd,"1-2 Searjents Inn, London, EC4Y 1LL",,0845 3650000 ,
Ridgemount Hotel,"65-67 Gower St, London, WC1E 6HJ",ridgemounthotel.co.uk,020 7636 1141 ,"https://c.yell.com/t_bigSquare,f_auto/186a58c3-b549-484d-9d1c-71f58624a4ad_image_jpeg.jpg"
Gower House Hotel,"57 Gower St, London, WC1E 6HJ",gowerhousehotel.co.uk,020 7636 4685 ,"https://c.yell.com/t_bigSquare,f_auto/1fcaaea3-a83c-40fe-8e0e-a3be47afb78e_image_jpeg.jpg"
President Hotel,"60 Guilford Street, Bloomsbury, LONDON, WC1N 1DB",imperialhotels.co.uk,020 7837 8844 ,"https://c.yell.com/t_bigSquare,f_auto/a18e2e49-3724-437d-930b-f8415f3d5b1b_image_jpeg.jpg"
The Beauchamp Hotel,"24-27 Bedford Place, London, WC1B 5JH",grangehotels.com,020 7016 2540 ,
Jesmond Hotel,"63 Gower St Bloomsbury, London, WC1E 6HJ",jesmondhotel.org.uk,020 7636 3199 ,"https://c.yell.com/t_bigSquare,f_auto/6ec5e898-6537-4bf8-95d7-c06fcd5fdfbd_image_jpeg.jpg"
Grosvenor Serviced Apartments,"3 Strutton Ground, LONDON, SW1P 2HX",,0845 6800679 ,
Gillray's Within London Marriott County Hall,"Westminster Bridge Rd, London, SE1 7PB",gillrays.com,020 7902 8000 ,"https://c.yell.com/t_bigSquare,f_auto/f74b6ad3-a46f-417f-8869-c743d7769a97_image_jpeg.jpg"
Premier Inn London Southwark (Southwark Station) hotel,"31 The Cut, London, SE1 8LE",premierinn.com,0333 003 8101 ,"https://c.yell.com/t_bigRect,f_auto/614cbb5c-07ca-4102-92bc-a9991825dbe5_image_jpeg.jpg"
The Penn Club,"21-23 Bedford Place, London, WC1B 5JJ",pennclub.co.uk,020 7636 4718 ,"https://c.yell.com/t_bigSquare,f_auto/83bdaeb5-5467-4bea-93fb-5dee0058ca9b_image_jpeg.jpg"
Apex Hotels,"49-50 Fleet Street, LONDON, EC4Y 1BE",apexhotels.co.uk,020 3004 4141 ,
Taj International Hotels Ltd,"51 Buckingham Gate, London, SW1E 6BS",51-buckinghamgate.co.uk,0843 8161382 ,
Park Plaza London Waterloo,"6 Hercules Rd, London, SE1 7DP",parkplazalondonwaterloo.com,0333 400 6128 ,"https://c.yell.com/t_bigRect,f_auto/3a979e80-46dd-49b3-be83-ea0e0fb3a989_image_jpeg.jpg"
Hampton by Hilton London Waterloo,"157 Waterloo Road, London, SE1 8XA",hilton.com,020 7401 8080 ,"https://c.yell.com/t_bigRect,f_auto/698d13e4-d218-41ed-864c-3b8789b02c3b_image_jpeg.jpg"
OYO Home Waterloo Executive 3,"21 Lower Marsh South Bank, London, SE1 7RJ",oyorooms.com,020 8089 8579 ,
OYO Home 126 Flat 1 21 Lower Marsh Waterloo,"21 Lower Marsh, London, SE1 7RJ",oyorooms.com,020 8089 8579 ,
hub by Premier Inn London Goodge Street hotel,"Brook House Torrington Place, London, WC1E 7HN",premierinn.com,0871 527 9608 ,"https://c.yell.com/t_bigRect,f_auto/3b92bf73-74bf-465d-8d2a-3c912d1871e5_image_jpeg.jpg"
Kimpton Fitzroy London,"1-8 Russell Square, London, WC1B 5BE",,0371 423 4828 ,"https://c.yell.com/t_bigRect,f_auto/a5765ef5-4486-41d3-ba3b-03c7f152a8ad_image_jpeg.jpg"
Celtic Hotel,"62 Guilford St, London, WC1N 1DD",stmargaretshotel.co.uk,020 7837 6737 ,"https://c.yell.com/t_bigSquare,f_auto/d2c61a4b-d84e-4fba-8130-663931f11d10_image_jpeg.jpg"
Treehouse Hotel London,"14-15 Langham Place, London, W1B 2QS",treehousehotels.com,020 7580 0111 ,"https://c.yell.com/t_bigRect,f_auto/a9dfae86-5b3e-4911-8a78-8ceac02b26c6_image_jpeg.jpg"
Imperial London Hotel,"61-66 Russell Square, London, WC1B 5BB",imperialhotels.co.uk,020 7837 3655 ,"https://c.yell.com/t_bigSquare,f_auto/befe800b-df99-416c-82dd-cd234a62cf18_image_jpeg.jpg"
Generator London,"37 Tavistock Place, London, WC1H 9SE",generatorhostels.com,020 7388 7666 ,"https://c.yell.com/t_bigSquare,f_auto/e954703f-33be-4390-a8c1-d36d3a3e05a7_image_jpeg.jpg"
Mercure Bloomsbury Hotel,"130-134 Southampton Row, London, WC1B 5AF",mercure.accorhotels.com,020 7833 3691 ,
Hotel Cavendish,"75 Gower St, Bloomsbury, London, WC1E 6HJ",hotelcavendish.com,020 7636 9079 ,"https://c.yell.com/t_bigSquare,f_auto/eacbaf2d-a6be-4741-ac26-0b9b3534dbaf_image_jpeg.jpg"
"The Mad Hatter Hotel, Southwark","3-7 Stamford St, London, SE1 9NY",madhatterhotel.co.uk,020 7401 9222 ,
Crowne Plaza London - The City,"19 New Bridge St, London, EC4V 6DB",ihg.com,0871 942 9190 ,"https://c.yell.com/t_bigRect,f_auto/767c8e8a-dde0-40f0-ac39-9859bb8cee47_image_png.png"
London Marriott Hotel Park Lane,"140 Park Lane, London, W1K 7AA",marriott.com,020 7493 7000 ,"https://c.yell.com/t_bigRect,f_auto/d213a6ca-a6cb-4386-8d13-e5fee6c41e26_image_jpeg.jpg"
Kimpton Fitzroy London,"1-8 Russell Square, London, WC1B 5BE",ihg.com,020 7123 5000 ,"https://c.yell.com/t_bigRect,f_auto/8f4ce5bb-b3dc-4238-94fb-7777046acdcd_image_png.png"
Astors Hotel,"106-112 Ebury St, London, SW1W 9QD",astorshotelvictoria.co.uk,020 7730 0158 ,"https://c.yell.com/t_bigSquare,f_auto/d5abe3f7-d352-41cc-8a54-79d7a08121c5_image_jpeg.jpg"
The Royal National Hotel,"38-51 Bedford Way, London, WC1H 0DG",imperialhotels.co.uk,020 7637 2488 ,"https://c.yell.com/t_bigSquare,f_auto/721f83b6-8c61-416c-86a1-b9d266324bb9_image_jpeg.jpg"
Hotel Novotel London Waterloo,"113 Lambeth Rd, London, SE1 7LS",all.accor.com,020 7660 0674 ,"https://c.yell.com/t_bigRect,f_auto/0e4a4115-2da6-4d27-91a1-85e18a4a4b31_image_jpeg.jpg"
Red Carnation Hotels,"35 Charles St, London, W1J 5EB",redcarnationhotels.com,0845 6342665 ,
The Waterloo Hub Hotel & Suite,"54 Kennington Rd, London, SE1 7BJ",hotelwaterloo.com,020 7922 1331 ,"https://c.yell.com/t_bigSquare,f_auto/cd1c8ba3-d043-4b1d-85cb-03dcfbc9a6d8_image_jpeg.jpg"
Thistle Holburn,"126 Southampton Row, London, WC1B 5AD",thistle.com,020 7430 0434 ,
Waverley House,"130-134 Southampton Row, London, WC1B 5AF",mercure.com,020 7834 3691 ,
Holiday Inn Express,"Tudor Street, London, EC4Y 0AY",holidayinn.com,0371 423 4876 ,
Premier Inn London Blackfriars (Fleet Street),"1-2 Dorset Rise, London, EC4Y 8EN",premierinn.com,0333 321 9269 ,"https://c.yell.com/t_bigRect,f_auto/465b8814-e137-4d4e-a4e3-02ff26bd77dc_image_jpeg.jpg"
The Rubens,"39-41 Buckingham Palace Rd, London, SW1W 0PS",redcarnationhotels.com,020 7834 6600 ,"https://c.yell.com/t_bigRect,f_auto/709ef776-0390-436d-be81-0c4fe1ebdb36_image_jpeg.jpg"
Holiday Inn Express London - Southwark,"Holiday Inn Express, 103-109, London, SE1 0JQ",,0871 423 4828 ,"https://c.yell.com/t_bigRect,f_auto/e2531caa-20e9-4667-a380-df18f02ce26c_image_png.png"
Travelodge Hotels Ltd,"195-203 Waterloo Rd, London, SE1 8UX",travelodge.co.uk,0871 984 6291 ,"https://c.yell.com/t_bigSquare,f_auto/eec48f1c-af4a-4ff2-97a0-12f3f833933d_image_jpeg.jpg"
Snoozebox Ltd,"69 Grosvenor St, London, W1K 3JP",snoozebox.com,0845 092 0174 ,
Astor Court Hotel,"20 Hallam St, London, W1W 6JQ",astorcourthotel.co.uk,020 7636 4133 ,"https://c.yell.com/t_bigSquare,f_auto/4c0ff7ec-d4d2-4ebb-ab35-cb5389a4df57_image_jpeg.jpg"
The Crown Plaza,"19 New Bridge St, London, EC4V 6DB",ihg.com,0871 942 9190 ,"https://c.yell.com/t_bigSquare,f_auto/58259355-b84f-4f35-99f0-e8431a1cbace_image_jpeg.jpg"
London Hilton on Park Lane,"22 Park Lane, London, W1K 1BE",hilton.com,020 7493 8000 ,"https://c.yell.com/t_bigRect,f_auto/83babeff-ba0f-4587-a003-1f1aa21ee66b_image_jpeg.jpg"
Claridge's,"41 Brook St, London, W1K 4HR",claridges.co.uk,020 7629 8860 ,"https://c.yell.com/t_bigSquare,f_auto/de505b80-bc40-4a42-b768-dff0c52c8c71_image_jpeg.jpg"
Mermaid Suite Hotel,"3 Blenheim Street, London, W1S 1LA",,0845 0805104 ,
The Hoxton,"40 Blackfriars Rd, South Bank, London, SE1 8NY",thehoxton.com,020 7903 3000 ,"https://c.yell.com/t_bigSquare,f_auto/c0652f75-02a1-44c0-91c1-b7e6a269747d_image_jpeg.jpg"
Hotel 41,"41 Buckingham Palace Rd, London, SW1W 0PS",41hotel.com,020 7300 0041 ,"https://c.yell.com/t_bigSquare,f_auto/076b7883-a2c8-4c80-a24d-bc14827b5583_image_jpeg.jpg"
Intercontinental Hotels & Resorts,"1 Hamilton Place, Mayfair, LONDON, W1J 7QY",intercontinental.com,020 7409 3131 ,"https://c.yell.com/t_bigSquare,f_auto/bc4705da-16fe-4cc2-9867-692fb4334905_image_jpeg.jpg"
Riverford London Hotels,"36 Langham St, London, W1W 7AP",,0800 9788192 ,
Hotel Russell,"1-8 Russell Square, London, WC1B 5BE",,0207837 6470 ,
Sheraton Grand London Park Lane,"79 Brick St, London, W1J 7BX",marriott.com,020 7499 6321 ,"https://c.yell.com/t_bigRect,f_auto/ed76a3d3-4e56-427d-adc4-c87ab80c480f_image_jpeg.jpg"
Tog (UK) Ltd,"1-2 Bolt Court, London, EC4A 3DQ",,020 3603 9810 ,
Novotel London Blackfriars,"46 Blackfriars Rd, London, SE1 8NZ",all.accor.com,020 7660 0834 ,
Renaissance Hotels,"Barnards Inn, 86, Fetter Lane, London, EC4A 1EN",marriott.com,0800 181737 ,
Wedding Venue,"Dartmouth House, 37, Charles St, London, W1J 5ED",,020 7529 1554 ,
De Vere Group,"4th floor, 33, Cavendish Square, London, W1G 0PW",devere.co.uk,0871 222 4195 ,
Hallam Hotel,"12 Hallam St, London, W1W 6JF",hallamhotel.com,020 7580 1166 ,"https://c.yell.com/t_bigSquare,f_auto/88850549-7f57-4a37-9c49-f61bf8a1ab17_image_jpeg.jpg"
Ralph Trustees Ltd,"116 Piccadilly, London, W1J 7BJ",athenaeumhotel.com,020 7408 9333 ,
The London Pub,"Royal National Hotel, 38-51, Bedford Way, London, WC1H 0DG",imperialhotels.co.uk,020 7692 3619 ,"https://c.yell.com/t_bigSquare,f_auto/0235ee21-6072-4c15-900e-5cfe08860e94_image_jpeg.jpg"
"Radisson Blu Edwardian, Berkshire","350 Oxford St, Marylebor, London, W1C 1BY",radissonblu-edwardian.com,020 7629 7474 ,"https://c.yell.com/t_bigRect,f_auto/c55aa042-ef70-4044-bcf1-a0bc8a6d44a2_image_jpeg.jpg"
Holiday Inn Express London - Southwark,"103-109 Southwark St, London, SE1 0JQ",ihg.com,020 7401 2525 ,"https://c.yell.com/t_bigRect,f_auto/c9ff0340-18dd-43ec-a697-90d24a41bb0e_image_png.png"
Holiday Inn,"Coram St, London, WC1N 1HT",ihg.com,0871 942 9222 ,"https://c.yell.com/t_bigRect,f_auto/07938de0-bb88-41d8-bceb-24521eaa2694_image_png.png"
